<?xml version="1.0" encoding="UTF-8"?>
<project-private xmlns="http://www.netbeans.org/ns/project-private/1">
    <editor-bookmarks xmlns="http://www.netbeans.org/ns/editor-bookmarks/2" lastBookmarkId="0"/>
    <open-files xmlns="http://www.netbeans.org/ns/projectui-open-files/2">
        <group>
            <file>file:/C:/Users/Ismael/Desktop/segundo%20ciclo/datos/AdmisionesUTPL/src/admisionesutpl/AdmisionesUTPL.java</file>
            <file>file:/C:/Users/Ismael/Desktop/segundo%20ciclo/datos/AdmisionesUTPL/src/admisionesutpl/Carrera.java</file>
            <file>file:/C:/Users/Ismael/Desktop/segundo%20ciclo/datos/AdmisionesUTPL/src/admisionesutpl/Controlador.java</file>
            <file>file:/C:/Users/Ismael/Desktop/segundo%20ciclo/datos/AdmisionesUTPL/src/admisionesutpl/Postulante.java</file>
        </group>
    </open-files>
</project-private>
